,Alpha,Ex-Ante Risk,Ex-Ante Tracking Error,Turnover,Max Turnover
1,0.34771553678194,0.0975385350142646,0.0975385350142646,1.99999962340783,NA
2,0.355137553618081,0.107704547829215,0.107704547829215,1.44999721432476,NA
3,0.288000411658759,0.104215536770768,0.104215536770768,1.49999918674998,NA
4,0.24134166758503,0.0971503585210817,0.0971503585210817,1.49654598552549,NA
